Filename,Duration (ms),FPS,Width,Height,Aspect Ratio,Original Filesize (KB),Output Filesize (KB),Saved Percent,Time to Process,Time,Date,Username 
H:\_PSP\VIDEO\PSP\PSP\VIDEO\S01E01 - Mole Hunt [1080p]_q28_JMPSPMC.MP4,1292793,23.976,1918,1080,1.776,724156,724156,100,00secs,10:07:53.43,Fri 09/09/2022,Jenkins 
H:\_PSP\VIDEO\PSP\PSP\VIDEO\S01E02 - Training Day [1080p]_q28_JMPSPMC.MP4,1292626,23.976,1920,1080,1.778,703737,703737,100,00secs,10:07:57.22,Fri 09/09/2022,Jenkins 
H:\_PSP\PSP\VIDEO\S01E01 - Mole Hunt [1080p]_q28_JMPSPMC.MP4,1292793,23.976,1918,1080,1.776,724156,724156,100,00secs,10:10:37.38,Fri 09/09/2022,Jenkins 
H:\_PSP\PSP\VIDEO\S01E01 - Mole Hunt [1080p]_q28_JMPSPMC.MP4,1292793,23.976,1918,1080,1.776,724156,724156,100,00secs,10:13:30.05,Fri 09/09/2022,Jenkins 
H:\_PSP\PSP\VIDEO\S01E01 - Mole Hunt [1080p]_q28_JMPSPMC.MP4,1292793,23.976,1918,1080,1.776,724156,724156,100,00secs,10:15:17.99,Fri 09/09/2022,Jenkins 
H:\_PSP\PSP\VIDEO\S01E01 - Mole Hunt [1080p]_q28_JMPSPMC.MP4,1292793,23.976,1918,1080,1.776,724156,724156,100,00secs,10:17:30.97,Fri 09/09/2022,Jenkins 
H:\_PSP\PSP\VIDEO\S01E02 - Training Day [1080p]_q28_JMPSPMC.MP4,1292626,23.976,1920,1080,1.778,703737,703737,100,00secs,10:17:41.25,Fri 09/09/2022,Jenkins 
H:\_PSP\PSP\VIDEO\S01E01 - Mole Hunt [1080p]_q28_JMPSPMC.MP4,1292793,23.976,1918,1080,1.776,724156,724156,100,00secs,10:22:52.03,Fri 09/09/2022,Jenkins 
H:\_PSP\PSP\VIDEO\S01E01 - Mole Hunt [1080p]_q28_JMPSPMC.MP4,1292793,23.976,1918,1080,1.776,724156,700900,96,01mins 04secs,10:28:23.45,Fri 09/09/2022,Jenkins 
H:\_PSP\PSP\VIDEO\S01E02 - Training Day [1080p]_q28_JMPSPMC.MP4,1292626,23.976,1920,1080,1.778,703737,679058,96,01mins 03secs,10:29:29.70,Fri 09/09/2022,Jenkins 
H:\_PSP\PSP\VIDEO\S01E03 - Diversity Hire [1080p]_q28_JMPSPMC.MP4,1242451,23.976,1920,1080,1.778,676328,655892,96,59secs,10:30:32.67,Fri 09/09/2022,Jenkins 
H:\_PSP\PSP\VIDEO\S01E04 - Killing Utne [1080p]_q28_JMPSPMC.MP4,1277986,23.976,1920,1080,1.778,671953,650720,96,59secs,10:31:34.94,Fri 09/09/2022,Jenkins 
H:\_PSP\PSP\VIDEO\S01E05 - Honeypot [1080p]_q28_JMPSPMC.MP4,1273315,23.976,1920,1080,1.778,714999,692806,96,01mins 02secs,10:32:40.16,Fri 09/09/2022,Jenkins 
H:\_PSP\PSP\VIDEO\S01E06 - Skorpio [1080p]_q28_JMPSPMC.MP4,1281907,23.976,1920,1080,1.778,745711,721511,96,01mins 02secs,10:33:45.98,Fri 09/09/2022,Jenkins 
H:\_PSP\PSP\VIDEO\S01E07 - Skytanic [1080p]_q28_JMPSPMC.MP4,1272648,23.976,1920,1080,1.778,727357,705360,96,01mins 00secs,10:34:49.52,Fri 09/09/2022,Jenkins 
H:\_PSP\PSP\VIDEO\S01E08 - The Rock [1080p]_q28_JMPSPMC.MP4,1261637,23.976,1920,1080,1.778,704447,682491,96,01mins 01secs,10:35:54.06,Fri 09/09/2022,Jenkins 
H:\_PSP\PSP\VIDEO\S01E09 - Job Offer [1080p]_q28_JMPSPMC.MP4,1275192,23.976,1920,1080,1.778,696680,674669,96,01mins 07secs,10:37:05.18,Fri 09/09/2022,Jenkins 
H:\_PSP\PSP\VIDEO\S01E10 - Dial M for Mother [1080p]_q28_JMPSPMC.MP4,1276777,23.976,1920,1080,1.778,720957,697943,96,01mins 06secs,10:38:15.17,Fri 09/09/2022,Jenkins 
H:\_PSP\PSP\VIDEO\S01E01 - Death Has a Shadow_q29_JMPSPMC.MP4,1352352,23.976,640,480,1.333,67310,37487,55,57secs,10:41:18.28,Fri 09/09/2022,Jenkins 
H:\_PSP\PSP\VIDEO\S01E02 - I Never Met the Dead Man_q29_JMPSPMC.MP4,1350017,23.976,640,480,1.333,71309,39488,55,58secs,10:42:20.08,Fri 09/09/2022,Jenkins 
H:\_PSP\PSP\VIDEO\S01E03 - Chitty Chitty Death Bang_q29_JMPSPMC.MP4,1354354,23.976,640,480,1.333,68654,37728,54,56secs,10:43:20.07,Fri 09/09/2022,Jenkins 
H:\_PSP\PSP\VIDEO\S01E04 - Mind Over Murder_q29_JMPSPMC.MP4,1351518,23.976,640,480,1.333,65942,35802,54,57secs,10:44:20.59,Fri 09/09/2022,Jenkins 
H:\_PSP\PSP\VIDEO\S01E05 - A Hero Sits Next Door_q29_JMPSPMC.MP4,1345679,23.976,640,480,1.333,65014,35696,54,56secs,10:45:19.83,Fri 09/09/2022,Jenkins 
H:\_PSP\PSP\VIDEO\S01E06 - The Son Also Draws_q29_JMPSPMC.MP4,1334001,23.976,640,480,1.333,64217,35318,54,54secs,10:46:17.93,Fri 09/09/2022,Jenkins 
H:\_PSP\PSP\VIDEO\S01E07 - Brian; Portrait of a Dog_q29_JMPSPMC.MP4,1354688,23.976,640,480,1.333,63511,34677,54,55secs,10:47:16.19,Fri 09/09/2022,Jenkins 
H:\_PSP\PSP\VIDEO\S01E01 - Bannon Custody Battle [720p]_JMPSPMC.MP4,715449,29.970,1280,720,1.778,314647,300860,95,30secs,10:59:30.14,Fri 09/09/2022,Jenkins 
H:\_PSP\PSP\VIDEO\S01E02 - Very Personal Injury [720p]_JMPSPMC.MP4,725659,29.970,1280,720,1.778,319212,305599,95,27secs,11:00:01.22,Fri 09/09/2022,Jenkins 
H:\_PSP\PSP\VIDEO\S01E03 - Shaggy Busted [720p]_JMPSPMC.MP4,709777,29.970,1280,720,1.778,311591,297545,95,30secs,11:00:34.64,Fri 09/09/2022,Jenkins 
H:\_PSP\PSP\VIDEO\S01E04 - Death By Chocolate [720p]_JMPSPMC.MP4,719720,29.970,1280,720,1.778,314855,299940,95,32secs,11:01:10.11,Fri 09/09/2022,Jenkins 
H:\_PSP\PSP\VIDEO\S01E05 - Shoyu Weenie [720p]_JMPSPMC.MP4,719920,29.970,1280,720,1.778,315552,301023,95,31secs,11:01:44.98,Fri 09/09/2022,Jenkins 
H:\_PSP\PSP\VIDEO\S01E06 - The Dabba Don [720p]_JMPSPMC.MP4,719887,29.970,1280,720,1.778,314263,298680,95,31secs,11:02:19.27,Fri 09/09/2022,Jenkins 
H:\_PSP\PSP\VIDEO\S01E07 - Deadomutt Part1 [720p]_JMPSPMC.MP4,695930,29.970,1280,720,1.778,302807,287458,94,31secs,11:02:54.28,Fri 09/09/2022,Jenkins 
H:\_PSP\PSP\VIDEO\S01E08 - Deadomutt Part2 [720p]_JMPSPMC.MP4,689924,29.970,1280,720,1.778,298694,284250,95,30secs,11:03:27.90,Fri 09/09/2022,Jenkins 
H:\_PSP\PSP\VIDEO\S01E09 - X The Eliminator [720p]_JMPSPMC.MP4,694929,29.970,1280,720,1.778,304036,289605,95,29secs,11:04:00.64,Fri 09/09/2022,Jenkins 
H:\_PSP\PSP\VIDEO\S02E01 - Blackwatch Plaid [720p]_JMPSPMC.MP4,694595,29.970,1280,720,1.778,303159,289797,95,29secs,11:04:33.02,Fri 09/09/2022,Jenkins 
H:\_PSP\PSP\VIDEO\S02E02 - Trio's Company [720p]_JMPSPMC.MP4,700634,29.970,1280,720,1.778,307737,294115,95,29secs,11:05:05.48,Fri 09/09/2022,Jenkins 
H:\_PSP\PSP\VIDEO\S02E03 - Devlin Made Me Do It [720p]_JMPSPMC.MP4,695863,29.970,1280,720,1.778,304643,290406,95,29secs,11:05:38.19,Fri 09/09/2022,Jenkins 
H:\_PSP\PSP\VIDEO\S02E04 - High Speed Buggy Chase [720p]_JMPSPMC.MP4,695930,29.970,1280,720,1.778,305755,291761,95,28secs,11:06:10.10,Fri 09/09/2022,Jenkins 
H:\_PSP\PSP\VIDEO\S02E05 - SPF [720p]_JMPSPMC.MP4,696764,29.970,1280,720,1.778,305920,292378,95,29secs,11:06:42.49,Fri 09/09/2022,Jenkins 
H:\_PSP\PSP\VIDEO\S02E06 - Back To The Present [720p]_JMPSPMC.MP4,695663,29.970,1280,720,1.778,297683,283918,95,27secs,11:07:13.46,Fri 09/09/2022,Jenkins 
H:\_PSP\PSP\VIDEO\S02E07 - Grape Juiced [720p]_JMPSPMC.MP4,695863,29.970,1280,720,1.778,305311,290586,95,30secs,11:07:46.69,Fri 09/09/2022,Jenkins 
H:\_PSP\PSP\VIDEO\S02E08 - Peanut Puberty [720p]_JMPSPMC.MP4,695896,29.970,1280,720,1.778,305621,291355,95,29secs,11:08:19.60,Fri 09/09/2022,Jenkins 
H:\_PSP\PSP\VIDEO\S02E09 - Gone Efficien   T [720p]_JMPSPMC.MP4,695996,29.970,1280,720,1.778,305252,290426,95,29secs,11:08:51.90,Fri 09/09/2022,Jenkins 
H:\_PSP\PSP\VIDEO\S02E10 - Droopy Botox [720p]_JMPSPMC.MP4,703904,29.970,1280,720,1.778,309269,294753,95,30secs,11:09:25.22,Fri 09/09/2022,Jenkins 
H:\_PSP\PSP\VIDEO\S02E11 - Guitar Control [720p]_JMPSPMC.MP4,695830,29.970,1280,720,1.778,305153,290200,95,30secs,11:09:58.68,Fri 09/09/2022,Jenkins 
H:\_PSP\PSP\VIDEO\S03E01 - Booty Noir [720p]_JMPSPMC.MP4,695863,29.970,1280,720,1.778,300752,286728,95,29secs,11:10:31.16,Fri 09/09/2022,Jenkins 
H:\_PSP\PSP\VIDEO\S03E02 - Harvey's Civvy [720p]_JMPSPMC.MP4,697932,29.970,1280,720,1.778,306018,291834,95,29secs,11:11:03.78,Fri 09/09/2022,Jenkins 
H:\_PSP\PSP\VIDEO\S03E03 - X Gets The Crest [720p]_JMPSPMC.MP4,693961,29.970,1280,720,1.778,305475,291704,95,28secs,11:11:35.88,Fri 09/09/2022,Jenkins 
H:\_PSP\PSP\VIDEO\S03E04 - Bird Girl Of Guantanamole [720p]_JMPSPMC.MP4,692059,29.970,1280,720,1.778,303712,290315,95,29secs,11:12:08.15,Fri 09/09/2022,Jenkins 
H:\_PSP\PSP\VIDEO\S03E05 - Beyond The Valley Of The Dinosaurs [720p]_JMPSPMC.MP4,691759,29.970,1280,720,1.778,303620,288763,95,30secs,11:12:41.86,Fri 09/09/2022,Jenkins 
H:\_PSP\PSP\VIDEO\S03E06 - Evolutionary War [720p]_JMPSPMC.MP4,693928,29.970,1280,720,1.778,304660,290828,95,29secs,11:13:14.67,Fri 09/09/2022,Jenkins 
H:\_PSP\PSP\VIDEO\S03E07 - Turner Classic Birdman AKA Bust Day For Birdman [720p]_JMPSPMC.MP4,684318,29.970,1280,720,1.778,300833,286642,95,27secs,11:13:44.94,Fri 09/09/2022,Jenkins 
H:\_PSP\PSP\VIDEO\S03E08 - Free Magilla [720p]_JMPSPMC.MP4,693127,29.970,1280,720,1.778,304212,290082,95,28secs,11:14:17.02,Fri 09/09/2022,Jenkins 
H:\_PSP\PSP\VIDEO\S01E01 - Pilot_q28_JMPSPMC.MP4,1312146,23.976,720,540,1.333,71826,20711,28,39secs,11:23:32.65,Fri 09/09/2022,Jenkins 
H:\_PSP\PSP\VIDEO\S01E02 - Threat Levels_q28_JMPSPMC.MP4,1314440,23.976,716,540,1.326,74938,22938,30,38secs,11:24:14.42,Fri 09/09/2022,Jenkins 
H:\_PSP\PSP\VIDEO\S01E03 - Stan Knows Best_q28_JMPSPMC.MP4,1314398,23.976,720,540,1.333,67220,15249,22,37secs,11:24:54.88,Fri 09/09/2022,Jenkins 
H:\_PSP\PSP\VIDEO\S01E04 - Francine's Flashback_q28_JMPSPMC.MP4,1314857,23.976,720,540,1.333,72410,20438,28,37secs,11:25:35.56,Fri 09/09/2022,Jenkins 
H:\_PSP\PSP\VIDEO\S01E05 - Roger Codger_q28_JMPSPMC.MP4,1314231,23.976,720,540,1.333,70863,19145,27,38secs,11:26:16.90,Fri 09/09/2022,Jenkins 
H:\_PSP\PSP\VIDEO\S01E06 - Homeland Insecurity_q28_JMPSPMC.MP4,1313833,24.000,720,540,1.333,65108,13518,20,37secs,11:26:57.87,Fri 09/09/2022,Jenkins 
H:\_PSP\PSP\VIDEO\S01E07 - Deacon Stan, Jesus Man_q28_JMPSPMC.MP4,1313772,23.976,720,540,1.333,64854,13088,20,38secs,11:27:39.12,Fri 09/09/2022,Jenkins 
H:\_PSP\PSP\VIDEO\The Matrix (1999) [1080p]_10bit_q27_JMPSPMC.MP4,8177712.000000,23.976,1920,800,2.400,961415,961415,100,01secs,11:27:43.31,Fri 09/09/2022,Jenkins 
H:\_PSP\PSP\VIDEO\The Matrix Reloaded (2003) [1080p]_10bit_q27_JMPSPMC.MP4,8295454.000000,23.976,1920,796,2.412,1060821,1060821,100,00secs,11:27:47.43,Fri 09/09/2022,Jenkins 
H:\_PSP\PSP\VIDEO\The Matrix Revolutions (2003) [1080p]_10bit_q27_JMPSPMC.MP4,7755957.000000,23.976,1920,798,2.406,1216899,1216899,100,01secs,11:27:52.35,Fri 09/09/2022,Jenkins 
H:\_PSP\PSP\VIDEO\S01E01 - Mole Hunt [1080p]_q28_JMPSPMC.MP4,1292793,23.976,1918,1080,1.776,724156,672959,92,47secs,11:28:43.32,Fri 09/09/2022,Jenkins 
H:\_PSP\PSP\VIDEO\S01E02 - Training Day [1080p]_q28_JMPSPMC.MP4,1292626,23.976,1920,1080,1.778,703737,652598,92,49secs,11:29:35.96,Fri 09/09/2022,Jenkins 
H:\_PSP\PSP\VIDEO\S01E03 - Diversity Hire [1080p]_q28_JMPSPMC.MP4,1242451,23.976,1920,1080,1.778,676328,627495,92,46secs,11:30:25.27,Fri 09/09/2022,Jenkins 
H:\_PSP\PSP\VIDEO\S01E04 - Killing Utne [1080p]_q28_JMPSPMC.MP4,1277986,23.976,1920,1080,1.778,671953,621910,92,46secs,11:31:14.88,Fri 09/09/2022,Jenkins 
H:\_PSP\PSP\VIDEO\S01E05 - Honeypot [1080p]_q28_JMPSPMC.MP4,1273315,23.976,1920,1080,1.778,714999,664931,92,48secs,11:32:06.16,Fri 09/09/2022,Jenkins 
H:\_PSP\PSP\VIDEO\S01E06 - Skorpio [1080p]_q28_JMPSPMC.MP4,1281907,23.976,1920,1080,1.778,745711,694702,93,45secs,11:32:54.76,Fri 09/09/2022,Jenkins 
H:\_PSP\PSP\VIDEO\S01E07 - Skytanic [1080p]_q28_JMPSPMC.MP4,1272648,23.976,1920,1080,1.778,727357,676958,93,46secs,11:33:44.57,Fri 09/09/2022,Jenkins 
H:\_PSP\PSP\VIDEO\S01E08 - The Rock [1080p]_q28_JMPSPMC.MP4,1261637,23.976,1920,1080,1.778,704447,654853,92,45secs,11:34:33.29,Fri 09/09/2022,Jenkins 
H:\_PSP\PSP\VIDEO\S01E09 - Job Offer [1080p]_q28_JMPSPMC.MP4,1275192,23.976,1920,1080,1.778,696680,645659,92,47secs,11:35:23.62,Fri 09/09/2022,Jenkins 
H:\_PSP\PSP\VIDEO\S01E10 - Dial M for Mother [1080p]_q28_JMPSPMC.MP4,1276777,23.976,1920,1080,1.778,720957,670577,93,46secs,11:36:13.35,Fri 09/09/2022,Jenkins 
H:\_PSP\PSP\VIDEO\S01E01 - Death Has a Shadow_q29_JMPSPMC.MP4,1352352,23.976,640,480,1.333,67310,14414,21,42secs,11:36:59.03,Fri 09/09/2022,Jenkins 
H:\_PSP\PSP\VIDEO\S01E02 - I Never Met the Dead Man_q29_JMPSPMC.MP4,1350017,23.976,640,480,1.333,71309,17467,24,40secs,11:37:42.63,Fri 09/09/2022,Jenkins 
H:\_PSP\PSP\VIDEO\S01E03 - Chitty Chitty Death Bang_q29_JMPSPMC.MP4,1354354,23.976,640,480,1.333,68654,14997,21,40secs,11:38:26.11,Fri 09/09/2022,Jenkins 
H:\_PSP\PSP\VIDEO\S01E04 - Mind Over Murder_q29_JMPSPMC.MP4,1351518,23.976,640,480,1.333,65942,12268,18,01mins 35secs,11:40:04.49,Fri 09/09/2022,Jenkins 
H:\_PSP\PSP\VIDEO\S01E05 - A Hero Sits Next Door_q29_JMPSPMC.MP4,1345679,23.976,640,480,1.333,65014,12199,18,39secs,11:40:47.45,Fri 09/09/2022,Jenkins 
H:\_PSP\PSP\VIDEO\S01E06 - The Son Also Draws_q29_JMPSPMC.MP4,1334001,23.976,640,480,1.333,64217,11961,18,38secs,11:41:29.20,Fri 09/09/2022,Jenkins 
H:\_PSP\PSP\VIDEO\S01E07 - Brian; Portrait of a Dog_q29_JMPSPMC.MP4,1354688,23.976,640,480,1.333,63511,10080,15,39secs,11:42:12.20,Fri 09/09/2022,Jenkins 
H:\_PSP\PSP\VIDEO\S01E01 - Bannon Custody Battle [720p]_JMPSPMC.MP4,715449,29.970,1280,720,1.778,314647,285993,90,25secs,11:42:40.44,Fri 09/09/2022,Jenkins 
H:\_PSP\PSP\VIDEO\S01E02 - Very Personal Injury [720p]_JMPSPMC.MP4,725659,29.970,1280,720,1.778,319212,289768,90,24secs,11:43:08.10,Fri 09/09/2022,Jenkins 
H:\_PSP\PSP\VIDEO\S01E03 - Shaggy Busted [720p]_JMPSPMC.MP4,709777,29.970,1280,720,1.778,311591,283134,90,25secs,11:43:34.89,Fri 09/09/2022,Jenkins 
H:\_PSP\PSP\VIDEO\S01E04 - Death By Chocolate [720p]_JMPSPMC.MP4,719720,29.970,1280,720,1.778,314855,286304,90,26secs,11:44:04.27,Fri 09/09/2022,Jenkins 
H:\_PSP\PSP\VIDEO\S01E05 - Shoyu Weenie [720p]_JMPSPMC.MP4,719920,29.970,1280,720,1.778,315552,286426,90,26secs,11:44:34.12,Fri 09/09/2022,Jenkins 
H:\_PSP\PSP\VIDEO\S01E06 - The Dabba Don [720p]_JMPSPMC.MP4,719887,29.970,1280,720,1.778,314263,285068,90,26secs,11:45:03.39,Fri 09/09/2022,Jenkins 
H:\_PSP\PSP\VIDEO\S01E07 - Deadomutt Part1 [720p]_JMPSPMC.MP4,695930,29.970,1280,720,1.778,302807,275179,90,24secs,11:45:31.46,Fri 09/09/2022,Jenkins 
H:\_PSP\PSP\VIDEO\S01E08 - Deadomutt Part2 [720p]_JMPSPMC.MP4,689924,29.970,1280,720,1.778,298694,270836,90,25secs,11:45:59.60,Fri 09/09/2022,Jenkins 
H:\_PSP\PSP\VIDEO\S01E09 - X The Eliminator [720p]_JMPSPMC.MP4,694929,29.970,1280,720,1.778,304036,276405,90,24secs,11:46:27.37,Fri 09/09/2022,Jenkins 
H:\_PSP\PSP\VIDEO\S02E01 - Blackwatch Plaid [720p]_JMPSPMC.MP4,694595,29.970,1280,720,1.778,303159,275580,90,25secs,11:46:56.44,Fri 09/09/2022,Jenkins 
H:\_PSP\PSP\VIDEO\S02E02 - Trio's Company [720p]_JMPSPMC.MP4,700634,29.970,1280,720,1.778,307737,279931,90,25secs,11:47:24.77,Fri 09/09/2022,Jenkins 
H:\_PSP\PSP\VIDEO\S02E03 - Devlin Made Me Do It [720p]_JMPSPMC.MP4,695863,29.970,1280,720,1.778,304643,276843,90,24secs,11:47:52.35,Fri 09/09/2022,Jenkins 
H:\_PSP\PSP\VIDEO\S02E04 - High Speed Buggy Chase [720p]_JMPSPMC.MP4,695930,29.970,1280,720,1.778,305755,277817,90,24secs,11:48:19.56,Fri 09/09/2022,Jenkins 
H:\_PSP\PSP\VIDEO\S02E05 - SPF [720p]_JMPSPMC.MP4,696764,29.970,1280,720,1.778,305920,278155,90,25secs,11:48:47.73,Fri 09/09/2022,Jenkins 
H:\_PSP\PSP\VIDEO\S02E06 - Back To The Present [720p]_JMPSPMC.MP4,695663,29.970,1280,720,1.778,297683,270030,90,24secs,11:49:15.06,Fri 09/09/2022,Jenkins 
H:\_PSP\PSP\VIDEO\S02E07 - Grape Juiced [720p]_JMPSPMC.MP4,695863,29.970,1280,720,1.778,305311,277805,90,25secs,11:49:43.30,Fri 09/09/2022,Jenkins 
H:\_PSP\PSP\VIDEO\S02E08 - Peanut Puberty [720p]_JMPSPMC.MP4,695896,29.970,1280,720,1.778,305621,277865,90,25secs,11:50:11.48,Fri 09/09/2022,Jenkins 
H:\_PSP\PSP\VIDEO\S02E09 - Gone Efficien   T [720p]_JMPSPMC.MP4,695996,29.970,1280,720,1.778,305252,277734,90,25secs,11:50:39.66,Fri 09/09/2022,Jenkins 
H:\_PSP\PSP\VIDEO\S02E10 - Droopy Botox [720p]_JMPSPMC.MP4,703904,29.970,1280,720,1.778,309269,281243,90,25secs,11:51:08.61,Fri 09/09/2022,Jenkins 
H:\_PSP\PSP\VIDEO\S02E11 - Guitar Control [720p]_JMPSPMC.MP4,695830,29.970,1280,720,1.778,305153,277884,91,25secs,11:51:37.29,Fri 09/09/2022,Jenkins 
H:\_PSP\PSP\VIDEO\S03E01 - Booty Noir [720p]_JMPSPMC.MP4,695863,29.970,1280,720,1.778,300752,272131,90,25secs,11:52:05.85,Fri 09/09/2022,Jenkins 
H:\_PSP\PSP\VIDEO\S03E02 - Harvey's Civvy [720p]_JMPSPMC.MP4,697932,29.970,1280,720,1.778,306018,278437,90,25secs,11:52:34.15,Fri 09/09/2022,Jenkins 
H:\_PSP\PSP\VIDEO\S03E03 - X Gets The Crest [720p]_JMPSPMC.MP4,693961,29.970,1280,720,1.778,305475,277953,90,25secs,11:53:02.56,Fri 09/09/2022,Jenkins 
H:\_PSP\PSP\VIDEO\S03E04 - Bird Girl Of Guantanamole [720p]_JMPSPMC.MP4,692059,29.970,1280,720,1.778,303712,275855,90,25secs,11:53:31.60,Fri 09/09/2022,Jenkins 
H:\_PSP\PSP\VIDEO\S03E05 - Beyond The Valley Of The Dinosaurs [720p]_JMPSPMC.MP4,691759,29.970,1280,720,1.778,303620,275943,90,25secs,11:53:59.97,Fri 09/09/2022,Jenkins 
H:\_PSP\PSP\VIDEO\S03E06 - Evolutionary War [720p]_JMPSPMC.MP4,693928,29.970,1280,720,1.778,304660,277286,91,25secs,11:54:28.82,Fri 09/09/2022,Jenkins 
H:\_PSP\PSP\VIDEO\S03E07 - Turner Classic Birdman AKA Bust Day For Birdman [720p]_JMPSPMC.MP4,684318,29.970,1280,720,1.778,300833,272861,90,24secs,11:54:56.71,Fri 09/09/2022,Jenkins 
H:\_PSP\PSP\VIDEO\S03E08 - Free Magilla [720p]_JMPSPMC.MP4,693127,29.970,1280,720,1.778,304212,276392,90,25secs,11:55:24.96,Fri 09/09/2022,Jenkins 
H:\_PSP\PSP\VIDEO\S03E09 - Return Of Birdgirl [720p]_JMPSPMC.MP4,695996,29.970,1280,720,1.778,305997,278112,90,25secs,11:55:53.98,Fri 09/09/2022,Jenkins 
H:\_PSP\PSP\VIDEO\S03E10 - Mindless [720p]_JMPSPMC.MP4,695196,29.970,1280,720,1.778,305376,277634,90,25secs,11:56:22.36,Fri 09/09/2022,Jenkins 
H:\_PSP\PSP\VIDEO\S03E11 - Sebben And Sebben Employee Orientation [720p]_JMPSPMC.MP4,695429,29.970,1280,720,1.778,305966,278159,90,26secs,11:56:52.41,Fri 09/09/2022,Jenkins 
H:\_PSP\PSP\VIDEO\S03E12 - Identity Theft [720p]_JMPSPMC.MP4,695529,29.970,1280,720,1.778,305341,277329,90,25secs,11:57:20.76,Fri 09/09/2022,Jenkins 
H:\_PSP\PSP\VIDEO\S04E01 - Shazzan [720p]_JMPSPMC.MP4,694795,29.970,1280,720,1.778,304633,276943,90,25secs,11:57:49.22,Fri 09/09/2022,Jenkins 
H:\_PSP\PSP\VIDEO\S04E02 - Incredible Hippo [720p]_JMPSPMC.MP4,695863,29.970,1280,720,1.778,305187,277471,90,26secs,11:58:18.90,Fri 09/09/2022,Jenkins 
H:\_PSP\PSP\VIDEO\S04E03 - Babysitter [720p]_JMPSPMC.MP4,693761,29.970,1280,720,1.778,304577,277269,91,26secs,11:58:48.33,Fri 09/09/2022,Jenkins 
H:\_PSP\PSP\VIDEO\S04E04 - Birdnapped [720p]_JMPSPMC.MP4,695863,29.970,1280,720,1.778,304329,276519,90,25secs,11:59:16.61,Fri 09/09/2022,Jenkins 
H:\_PSP\PSP\VIDEO\S04E05 - Grodin [720p]_JMPSPMC.MP4,695896,29.970,1280,720,1.778,305767,277914,90,25secs,11:59:44.99,Fri 09/09/2022,Jenkins 
H:\_PSP\PSP\VIDEO\S04E06 - Juror In Court [720p]_JMPSPMC.MP4,695029,29.970,1280,720,1.778,305710,278108,90,25secs,12:00:13.40,Fri 09/09/2022,Jenkins 
H:\_PSP\PSP\VIDEO\S04E07 - The Death Of Harvey [RARE 480p]_JMPSPMC.MP4,1310043,29.970,720,480,1.333,167979,116434,69,41secs,12:00:57.61,Fri 09/09/2022,Jenkins 
H:\_PSP\PSP\VIDEO\S05E00 - Attorney General [720p]_JMPSPMC.MP4,720688,56.228,1280,720,1.778,583959,550504,94,47secs,12:01:47.87,Fri 09/09/2022,Jenkins 
H:\_PSP\PSP\VIDEO\S05E01 - Homers Barbershop Quartet [720p]_q29_JMPSPMC.MP4,1368577,23.976,1280,720,1.778,178247,124624,69,43secs,12:02:34.17,Fri 09/09/2022,Jenkins 
H:\_PSP\PSP\VIDEO\S05E02 - Cape Feare [720p]_q29_JMPSPMC.MP4,1361445,23.976,1280,720,1.778,189274,136098,71,43secs,12:03:20.58,Fri 09/09/2022,Jenkins 
H:\_PSP\PSP\VIDEO\S05E03 - Homer Goes to College [720p]_q29_JMPSPMC.MP4,1367201,23.976,1280,720,1.778,173938,120253,69,43secs,12:04:07.11,Fri 09/09/2022,Jenkins 
H:\_PSP\PSP\VIDEO\S05E04 - Rosebud [720p]_q29_JMPSPMC.MP4,1375667,23.976,1280,720,1.778,183959,130054,70,44secs,12:04:54.48,Fri 09/09/2022,Jenkins 
H:\_PSP\PSP\VIDEO\S05E05 - Treehouse of Horror IV [720p]_q29_JMPSPMC.MP4,1371497,23.976,1280,720,1.778,213423,159597,74,42secs,12:05:39.85,Fri 09/09/2022,Jenkins 
H:\_PSP\PSP\VIDEO\S05E06 - Marge on the Lam [720p]_q29_JMPSPMC.MP4,1369787,23.976,1280,720,1.778,161680,108155,66,43secs,12:06:26.30,Fri 09/09/2022,Jenkins 
H:\_PSP\PSP\VIDEO\S05E07 - Barts Inner Child [720p]_q29_JMPSPMC.MP4,1371789,23.976,1280,720,1.778,180124,126109,70,42secs,12:07:12.06,Fri 09/09/2022,Jenkins 
H:\_PSP\PSP\VIDEO\S05E08 - Boy-Scoutz N The Hood [720p]_q29_JMPSPMC.MP4,1370120,23.976,1280,720,1.778,197407,143677,72,42secs,12:07:57.97,Fri 09/09/2022,Jenkins 
H:\_PSP\PSP\VIDEO\S05E09 - The Last Temptation of Homer [720p]_q29_JMPSPMC.MP4,1372956,23.976,1280,720,1.778,169653,116140,68,43secs,12:08:44.27,Fri 09/09/2022,Jenkins 
H:\_PSP\PSP\VIDEO\S05E10 - $pringfield (Or How I Learned to Stop Worrying and Love Legalized Gambling) [720p]_q29_JMPSPMC.MP4,1377377,23.976,1280,720,1.778,194531,140623,72,45secs,12:09:32.82,Fri 09/09/2022,Jenkins 
H:\_PSP\PSP\VIDEO\S05E11 - Homer the Vigilante [720p]_q29_JMPSPMC.MP4,1371413,23.976,1280,720,1.778,177937,124205,69,43secs,12:10:19.62,Fri 09/09/2022,Jenkins 
H:\_PSP\PSP\VIDEO\S05E12 - Bart Gets Famous [720p]_q29_JMPSPMC.MP4,1371455,23.976,1280,720,1.778,184517,130933,70,42secs,12:11:05.10,Fri 09/09/2022,Jenkins 
H:\_PSP\PSP\VIDEO\S05E13 - Homer and Apu [720p]_q29_JMPSPMC.MP4,1372956,23.976,1280,720,1.778,176755,122972,69,43secs,12:11:52.11,Fri 09/09/2022,Jenkins 
H:\_PSP\PSP\VIDEO\S05E14 - Lisa vs Malibu Stacy [720p]_q29_JMPSPMC.MP4,1370245,23.976,1280,720,1.778,203180,149298,73,42secs,12:12:37.34,Fri 09/09/2022,Jenkins 
H:\_PSP\PSP\VIDEO\S05E15 - Deep Space Homer [720p]_q29_JMPSPMC.MP4,1366325,23.976,1280,720,1.778,183788,130459,70,43secs,12:13:24.45,Fri 09/09/2022,Jenkins 
H:\_PSP\PSP\VIDEO\S05E16 - Homer Loves Flanders [720p]_q29_JMPSPMC.MP4,1371538,23.976,1280,720,1.778,194661,141017,72,43secs,12:14:11.37,Fri 09/09/2022,Jenkins 
H:\_PSP\PSP\VIDEO\S05E17 - Bart Gets an Elephant [720p]_q29_JMPSPMC.MP4,1370412,23.976,1280,720,1.778,192081,138461,72,43secs,12:14:58.46,Fri 09/09/2022,Jenkins 
H:\_PSP\PSP\VIDEO\S05E18 - Burns Heir [720p]_q29_JMPSPMC.MP4,1371288,23.976,1280,720,1.778,163094,109314,67,41secs,12:15:42.81,Fri 09/09/2022,Jenkins 
H:\_PSP\PSP\VIDEO\S05E19 - Sweet Seymour Skinners Baadasssss Song [720p]_q29_JMPSPMC.MP4,1369536,23.976,1280,720,1.778,176547,123270,69,43secs,12:16:29.72,Fri 09/09/2022,Jenkins 
H:\_PSP\PSP\VIDEO\S05E20 - The Boy Who Knew Too Much [720p]_q29_JMPSPMC.MP4,1373165,23.976,1280,720,1.778,171243,117552,68,43secs,12:17:16.00,Fri 09/09/2022,Jenkins 
H:\_PSP\PSP\VIDEO\S05E21 - Lady Bouviers Lover [720p]_q29_JMPSPMC.MP4,1369661,23.976,1280,720,1.778,193313,139351,72,42secs,12:18:01.67,Fri 09/09/2022,Jenkins 
H:\_PSP\PSP\VIDEO\S05E22 - Secrets of a Successful Marriage [720p]_q29_JMPSPMC.MP4,1370370,23.976,1280,720,1.778,154490,100604,65,45secs,12:18:50.24,Fri 09/09/2022,Jenkins 
H:\_PSP\PSP\VIDEO\S06E01 - Bart of Darkness [720p]_q29_JMPSPMC.MP4,1370454,23.976,1280,720,1.778,182286,128290,70,41secs,12:19:34.91,Fri 09/09/2022,Jenkins 
H:\_PSP\PSP\VIDEO\S06E02 - Lisas Rival [720p]_q26_JMPSPMC.MP4,1371622,23.976,1280,720,1.778,309627,255806,82,44secs,12:20:22.33,Fri 09/09/2022,Jenkins 
H:\_PSP\PSP\VIDEO\S06E03 - Another Simpsons Clip Show [720p]_q26_JMPSPMC.MP4,1359777,23.976,1280,720,1.778,188458,188457,99,00secs,12:20:26.21,Fri 09/09/2022,Jenkins 
H:\_PSP\PSP\VIDEO\S06E04 - Itchy & Scratchy Land [720p]_q26_JMPSPMC.MP4,1365616,23.976,1280,720,1.778,316621,263875,83,43secs,12:21:12.37,Fri 09/09/2022,Jenkins 
H:\_PSP\PSP\VIDEO\S06E05 - Sideshow Bob Roberts [720p]_q26_JMPSPMC.MP4,1351643,23.976,1280,720,1.778,281610,228696,81,43secs,12:21:58.75,Fri 09/09/2022,Jenkins 
H:\_PSP\PSP\VIDEO\S06E06 - Treehouse of Horror V [720p]_q29_JMPSPMC.MP4,1370120,23.976,1280,720,1.778,204998,149930,73,42secs,12:22:44.30,Fri 09/09/2022,Jenkins 
H:\_PSP\PSP\VIDEO\S06E07 - Barts Girlfriend [720p]_q26_JMPSPMC.MP4,1341884,23.976,1280,720,1.778,286001,233759,81,42secs,12:23:30.10,Fri 09/09/2022,Jenkins 
H:\_PSP\PSP\VIDEO\S06E08 - Lisa on Ice [720p]_q26_JMPSPMC.MP4,1349850,23.976,1280,720,1.778,299257,246360,82,43secs,12:24:16.45,Fri 09/09/2022,Jenkins 
H:\_PSP\PSP\VIDEO\S06E09 - Homer Badman [720p]_q26_JMPSPMC.MP4,1350100,23.976,1280,720,1.778,294516,241932,82,01mins 02secs,12:25:21.99,Fri 09/09/2022,Jenkins 
H:\_PSP\PSP\VIDEO\S06E10 - Grandpa vs Sexual Inadequacy [720p]_q26_JMPSPMC.MP4,1349892,23.976,1280,720,1.778,294492,241780,82,44secs,12:26:09.12,Fri 09/09/2022,Jenkins 
H:\_PSP\PSP\VIDEO\S06E11 - Fear of Flying [720p]_q26_JMPSPMC.MP4,1348557,23.976,1280,720,1.778,270791,218406,80,43secs,12:26:55.79,Fri 09/09/2022,Jenkins 
H:\_PSP\PSP\VIDEO\S06E12 - Homer the Great [720p]_q26_JMPSPMC.MP4,1349933,23.976,1280,720,1.778,278620,226123,81,45secs,12:27:44.85,Fri 09/09/2022,Jenkins 
H:\_PSP\PSP\VIDEO\S06E13 - And Maggie Makes Three [720p]_q26_JMPSPMC.MP4,1351226,23.976,1280,720,1.778,292627,239770,81,44secs,12:28:32.68,Fri 09/09/2022,Jenkins 
H:\_PSP\PSP\VIDEO\S06E14 - Barts Comet [720p]_q26_JMPSPMC.MP4,1349433,23.976,1280,720,1.778,267132,214264,80,44secs,12:29:20.15,Fri 09/09/2022,Jenkins 
H:\_PSP\PSP\VIDEO\S06E15 - Homie the Clown [720p]_q26_JMPSPMC.MP4,1348807,23.976,1280,720,1.778,287003,234252,81,43secs,12:30:07.24,Fri 09/09/2022,Jenkins 
H:\_PSP\PSP\VIDEO\S06E16 - Bart vs Australia [720p]_q26_JMPSPMC.MP4,1350851,23.976,1280,720,1.778,286073,233145,81,42secs,12:30:53.31,Fri 09/09/2022,Jenkins 
H:\_PSP\PSP\VIDEO\S06E17 - Homer vs Patty and Selma [720p]_q26_JMPSPMC.MP4,1350017,23.976,1280,720,1.778,290972,238343,81,43secs,12:31:40.25,Fri 09/09/2022,Jenkins 
H:\_PSP\PSP\VIDEO\S06E18 - A Star is Burns [720p]_q26_JMPSPMC.MP4,1353103,23.976,1280,720,1.778,270055,217224,80,44secs,12:32:27.39,Fri 09/09/2022,Jenkins 
H:\_PSP\PSP\VIDEO\S06E19 - Lisas Wedding [720p]_q26_JMPSPMC.MP4,1349308,23.976,1280,720,1.778,291357,238703,81,43secs,12:33:13.89,Fri 09/09/2022,Jenkins 
H:\_PSP\PSP\VIDEO\S06E20 - Two Dozen and One Greyhounds [720p]_q26_JMPSPMC.MP4,1353896,23.976,1280,720,1.778,291698,239269,82,43secs,12:34:00.29,Fri 09/09/2022,Jenkins 
H:\_PSP\PSP\VIDEO\S06E21 - The PTA Disbands [720p]_q26_JMPSPMC.MP4,1347639,23.976,1280,720,1.778,287563,235314,81,43secs,12:34:47.35,Fri 09/09/2022,Jenkins 
H:\_PSP\PSP\VIDEO\S06E22 - Round Springfield [720p]_q29_JMPSPMC.MP4,1350100,23.976,1280,720,1.778,164396,111518,67,41secs,12:35:31.80,Fri 09/09/2022,Jenkins 
H:\_PSP\PSP\VIDEO\S06E23 - The Springfield Connection [720p]_q26_JMPSPMC.MP4,1349433,23.976,1280,720,1.778,272242,219610,80,44secs,12:36:19.26,Fri 09/09/2022,Jenkins 
H:\_PSP\PSP\VIDEO\S06E24 - Lemon of Troy [720p]_q26_JMPSPMC.MP4,1349975,23.976,1278,720,1.775,295591,243294,82,41secs,12:37:04.19,Fri 09/09/2022,Jenkins 
H:\_PSP\PSP\VIDEO\S06E25 - Who Shot Mr Burns (1) [720p]_q29_JMPSPMC.MP4,1351894,23.976,1280,720,1.778,182967,130269,71,42secs,12:37:50.28,Fri 09/09/2022,Jenkins 
H:\_PSP\PSP\VIDEO\S07E01 - Who Shot Mr Burns (2) [720p]_q29_JMPSPMC.MP4,1394311,23.976,1280,720,1.778,190924,136093,71,44secs,12:38:38.06,Fri 09/09/2022,Jenkins 
H:\_PSP\PSP\VIDEO\S07E02 - Radioactive Man [720p]_q29_JMPSPMC.MP4,1365908,23.976,1280,720,1.778,167506,113351,67,41secs,12:39:22.68,Fri 09/09/2022,Jenkins 
H:\_PSP\PSP\VIDEO\S07E03 - Home Sweet Homediddly-Dum-Doodily [720p]_q29_JMPSPMC.MP4,1365324,23.976,1280,720,1.778,183015,129174,70,42secs,12:40:07.92,Fri 09/09/2022,Jenkins 
H:\_PSP\PSP\VIDEO\S07E04 - Bart Sells His Soul [720p]_q29_JMPSPMC.MP4,1359777,23.976,1280,720,1.778,173164,119833,69,41secs,12:40:52.82,Fri 09/09/2022,Jenkins 
H:\_PSP\PSP\VIDEO\S07E05 - Lisa the Vegetarian [720p]_q29_JMPSPMC.MP4,1363697,23.976,1280,720,1.778,164165,110379,67,41secs,12:41:37.38,Fri 09/09/2022,Jenkins 
H:\_PSP\PSP\VIDEO\S07E06 - Treehouse of Horror VI [720p]_q29_JMPSPMC.MP4,1365532,23.976,1280,720,1.778,189317,135023,71,43secs,12:42:23.88,Fri 09/09/2022,Jenkins 
H:\_PSP\PSP\VIDEO\S07E07 - King-Size Homer [720p]_q29_JMPSPMC.MP4,1364490,23.976,1280,720,1.778,185510,131905,71,41secs,12:43:08.94,Fri 09/09/2022,Jenkins 
H:\_PSP\PSP\VIDEO\S07E08 - Mother Simpson [720p]_q29_JMPSPMC.MP4,1363906,23.976,1280,720,1.778,178381,124915,70,41secs,12:43:53.79,Fri 09/09/2022,Jenkins 
H:\_PSP\PSP\VIDEO\S07E09 - Sideshow Bobs Last Gleaming [720p]_q29_JMPSPMC.MP4,1363822,23.976,1280,720,1.778,177879,124177,69,41secs,12:44:38.53,Fri 09/09/2022,Jenkins 
H:\_PSP\PSP\VIDEO\S07E10 - 138th Episode Spectacular [720p]_q29_JMPSPMC.MP4,1364198,23.976,1280,720,1.778,190131,135452,71,42secs,12:45:24.35,Fri 09/09/2022,Jenkins 
H:\_PSP\PSP\VIDEO\S07E11 - Marge Be Not Proud [720p]_q29_JMPSPMC.MP4,1365407,23.976,1280,720,1.778,173474,119076,68,41secs,12:46:08.52,Fri 09/09/2022,Jenkins 
H:\_PSP\PSP\VIDEO\S07E12 - Team Homer [720p]_q29_JMPSPMC.MP4,1364615,23.976,1280,720,1.778,186383,132753,71,43secs,12:46:55.06,Fri 09/09/2022,Jenkins 
H:\_PSP\PSP\VIDEO\S07E13 - Two Bad Neighbors [720p]_q29_JMPSPMC.MP4,1363947,23.976,1280,720,1.778,166603,113081,67,44secs,12:47:42.41,Fri 09/09/2022,Jenkins 
H:\_PSP\PSP\VIDEO\S07E14 - Scenes From the Class Struggle in Springfield [720p]_q29_JMPSPMC.MP4,1364198,23.976,1280,720,1.778,171695,118155,68,41secs,12:48:26.57,Fri 09/09/2022,Jenkins 
H:\_PSP\PSP\VIDEO\S07E15 - Bart the Fink [720p]_q29_JMPSPMC.MP4,1366450,23.976,1280,720,1.778,177345,123347,69,40secs,12:49:10.26,Fri 09/09/2022,Jenkins 
H:\_PSP\PSP\VIDEO\S07E16 - Lisa the Iconoclast [720p]_q29_JMPSPMC.MP4,1367576,23.976,1280,720,1.778,174201,119035,68,41secs,12:49:55.14,Fri 09/09/2022,Jenkins 
H:\_PSP\PSP\VIDEO\S07E17 - Homer The Smithers [720p]_q29_JMPSPMC.MP4,1365365,23.976,1280,720,1.778,168724,114876,68,43secs,12:50:41.93,Fri 09/09/2022,Jenkins 
H:\_PSP\PSP\VIDEO\S07E18 - A Fish Called Selma [720p]_q29_JMPSPMC.MP4,1366408,23.976,1280,720,1.778,141851,88142,62,41secs,12:51:26.98,Fri 09/09/2022,Jenkins 
H:\_PSP\PSP\VIDEO\S07E19 - The Day the Violence Died [720p]_q29_JMPSPMC.MP4,1365324,23.976,1280,720,1.778,150397,96733,64,40secs,12:52:10.53,Fri 09/09/2022,Jenkins 
H:\_PSP\PSP\VIDEO\S07E20 - Bart on the Road [720p]_q29_JMPSPMC.MP4,1364406,23.976,1280,720,1.778,163027,109634,67,40secs,12:52:54.49,Fri 09/09/2022,Jenkins 
H:\_PSP\PSP\VIDEO\S07E21 - 22 Short Films About Springfield [720p]_q29_JMPSPMC.MP4,1363614,23.976,1280,720,1.778,196354,142853,72,42secs,12:53:39.73,Fri 09/09/2022,Jenkins 
H:\_PSP\PSP\VIDEO\S07E22 - Raging Abe Simpson and His Grumbling Grandson in The Curse of the Flying Hellfish [720p]_q29_JMPSPMC.MP4,1364531,23.976,1280,720,1.778,176668,123323,69,39secs,12:54:22.65,Fri 09/09/2022,Jenkins 
H:\_PSP\PSP\VIDEO\S07E23 - Much Apu About Nothing [720p]_q29_JMPSPMC.MP4,1365532,23.976,1280,720,1.778,173306,119754,69,42secs,12:55:08.05,Fri 09/09/2022,Jenkins 
H:\_PSP\PSP\VIDEO\S07E24 - Homerpalooza [720p]_q29_JMPSPMC.MP4,1369119,23.976,1280,720,1.778,176022,120469,68,41secs,12:55:52.90,Fri 09/09/2022,Jenkins 
H:\_PSP\PSP\VIDEO\S07E25 - Summer of 4 ft 2 [720p]_q29_JMPSPMC.MP4,1364573,23.976,1280,720,1.778,172951,119358,69,40secs,12:56:36.11,Fri 09/09/2022,Jenkins 
H:\_PSP\PSP\VIDEO\S08E01 - Treehouse of Horror VII [720p]_q29_JMPSPMC.MP4,1361695,23.976,1280,720,1.778,178671,124736,69,42secs,12:57:21.74,Fri 09/09/2022,Jenkins 
H:\_PSP\PSP\VIDEO\S08E02 - You Only Move Twice [720p]_q29_JMPSPMC.MP4,1366408,23.976,1280,720,1.778,179929,126497,70,40secs,12:58:05.53,Fri 09/09/2022,Jenkins 
H:\_PSP\PSP\VIDEO\S08E03 - The Homer They Fall [720p]_q29_JMPSPMC.MP4,1363781,23.976,1280,720,1.778,171733,117991,68,41secs,12:58:49.71,Fri 09/09/2022,Jenkins 
H:\_PSP\PSP\VIDEO\S08E04 - Burns Baby Burns [720p]_q29_JMPSPMC.MP4,1362529,23.976,1280,720,1.778,169951,115760,68,41secs,12:59:33.98,Fri 09/09/2022,Jenkins 
H:\_PSP\PSP\VIDEO\S08E05 - Bart After Dark [720p]_q29_JMPSPMC.MP4,1361612,23.976,1280,720,1.778,155486,101872,65,41secs,13:00:18.75,Fri 09/09/2022,Jenkins 
H:\_PSP\PSP\VIDEO\S08E06 - A Milhouse Divided [720p]_q29_JMPSPMC.MP4,1361528,23.976,1280,720,1.778,188710,135199,71,41secs,13:01:03.03,Fri 09/09/2022,Jenkins 
H:\_PSP\PSP\VIDEO\S08E07 - Lisas Date With Density [720p]_q29_JMPSPMC.MP4,1362613,23.976,1280,720,1.778,162616,108617,66,41secs,13:01:47.44,Fri 09/09/2022,Jenkins 
H:\_PSP\PSP\VIDEO\S08E08 - Hurricane Neddy [720p]_q29_JMPSPMC.MP4,1362362,23.976,1280,720,1.778,190560,137272,72,41secs,13:02:32.55,Fri 09/09/2022,Jenkins 
H:\_PSP\PSP\VIDEO\S08E09 - El Viaje de Nuestro Jomer (The Mysterious Voyage of Homer) [720p]_q29_JMPSPMC.MP4,1363363,23.976,1280,720,1.778,166536,113107,67,41secs,13:03:17.46,Fri 09/09/2022,Jenkins 
H:\_PSP\PSP\VIDEO\S08E10 - The Springfield Files [720p]_q29_JMPSPMC.MP4,1362321,23.976,1280,720,1.778,166360,112596,67,42secs,13:04:03.01,Fri 09/09/2022,Jenkins 
H:\_PSP\PSP\VIDEO\S08E11 - The Twisted World of Marge Simpson [720p]_q29_JMPSPMC.MP4,1362696,23.976,1280,720,1.778,180876,127271,70,40secs,13:04:46.22,Fri 09/09/2022,Jenkins 
H:\_PSP\PSP\VIDEO\S08E12 - Mountain of Madness [720p]_q29_JMPSPMC.MP4,1363655,23.976,1280,720,1.778,155432,101338,65,42secs,13:05:31.35,Fri 09/09/2022,Jenkins 
H:\_PSP\PSP\VIDEO\S08E13 - Simpsoncalifragilisticexpiala (Annoyed Grunt) cious [720p]_q29_JMPSPMC.MP4,1362571,23.976,1280,720,1.778,174727,121176,69,40secs,13:06:15.11,Fri 09/09/2022,Jenkins 
H:\_PSP\PSP\VIDEO\S08E14 - The Itchy & Scratchy & Poochie Show [720p]_q29_JMPSPMC.MP4,1361612,23.976,1280,720,1.778,162965,107775,66,41secs,13:06:59.60,Fri 09/09/2022,Jenkins 
H:\_PSP\PSP\VIDEO\S08E15 - Homers Phobia [720p]_q29_JMPSPMC.MP4,1363322,23.976,1280,720,1.778,184063,130565,70,42secs,13:07:44.77,Fri 09/09/2022,Jenkins 
H:\_PSP\PSP\VIDEO\S08E16 - Brother from Another Series [720p]_q29_JMPSPMC.MP4,1364364,23.976,1280,720,1.778,156533,102910,65,40secs,13:08:28.48,Fri 09/09/2022,Jenkins 
H:\_PSP\PSP\VIDEO\S08E17 - My Sister My Sitter [720p]_q29_JMPSPMC.MP4,1362905,23.976,1280,720,1.778,167003,113568,68,42secs,13:09:13.73,Fri 09/09/2022,Jenkins 
H:\_PSP\PSP\VIDEO\S08E18 - Homer vs the Eighteenth Amendment [720p]_q29_JMPSPMC.MP4,1362488,23.976,1280,720,1.778,182290,128718,70,42secs,13:09:59.04,Fri 09/09/2022,Jenkins 
H:\_PSP\PSP\VIDEO\S08E19 - Grade School Confidential [720p]_q29_JMPSPMC.MP4,1361570,23.976,1280,720,1.778,176794,123689,69,43secs,13:10:45.78,Fri 09/09/2022,Jenkins 
H:\_PSP\PSP\VIDEO\S08E20 - The Canine Mutiny [720p]_q29_JMPSPMC.MP4,1363322,23.976,1280,720,1.778,172540,119353,69,40secs,13:11:29.59,Fri 09/09/2022,Jenkins 
H:\_PSP\PSP\VIDEO\S08E21 - The Old Man and the Lisa [720p]_q29_JMPSPMC.MP4,1362696,23.976,1280,720,1.778,169300,116047,68,41secs,13:12:14.11,Fri 09/09/2022,Jenkins 
H:\_PSP\PSP\VIDEO\S08E22 - In Marge We Trust [720p]_q29_JMPSPMC.MP4,1362362,23.976,1280,720,1.778,143655,89293,62,42secs,13:12:59.43,Fri 09/09/2022,Jenkins 
H:\_PSP\PSP\VIDEO\S08E23 - Homers Enemy [720p]_q29_JMPSPMC.MP4,1362529,23.976,1280,720,1.778,155327,101596,65,42secs,13:13:44.60,Fri 09/09/2022,Jenkins 
H:\_PSP\PSP\VIDEO\S08E24 - Spin-Off Showcase [720p]_q29_JMPSPMC.MP4,1392559,23.976,1280,720,1.778,180575,125908,69,43secs,13:14:31.02,Fri 09/09/2022,Jenkins 
H:\_PSP\PSP\VIDEO\S08E25 - The Secret War of Lisa Simpson [720p]_q29_JMPSPMC.MP4,1362571,23.976,1280,720,1.778,152652,99126,64,40secs,13:15:15.02,Fri 09/09/2022,Jenkins 
H:\_PSP\PSP\VIDEO\S09E01 - The City of New York vs Homer Simpson [720p]_q26_JMPSPMC.MP4,1363822,23.976,1280,720,1.778,296329,241884,81,43secs,13:16:01.19,Fri 09/09/2022,Jenkins 
H:\_PSP\PSP\VIDEO\S09E02 - The Principal and the Pauper [720p]_q26_JMPSPMC.MP4,1364156,23.976,1280,720,1.778,260224,206623,79,45secs,13:16:49.34,Fri 09/09/2022,Jenkins 
H:\_PSP\PSP\VIDEO\S09E03 - Lisas Sax [720p]_q26_JMPSPMC.MP4,1362863,23.976,1280,720,1.778,254786,201348,79,43secs,13:17:36.46,Fri 09/09/2022,Jenkins 
H:\_PSP\PSP\VIDEO\S09E04 - Treehouse of Horror VIII [720p]_q26_JMPSPMC.MP4,1365407,23.976,1280,720,1.778,257161,203595,79,43secs,13:18:23.03,Fri 09/09/2022,Jenkins 
H:\_PSP\PSP\VIDEO\S09E05 - The Cartridge Family [720p]_q26_JMPSPMC.MP4,1362821,23.976,1280,720,1.778,280676,227623,81,44secs,13:19:10.64,Fri 09/09/2022,Jenkins 
H:\_PSP\PSP\VIDEO\S09E06 - Bart Star [720p]_q26_JMPSPMC.MP4,1361779,23.976,1280,720,1.778,254359,201168,79,44secs,13:19:58.47,Fri 09/09/2022,Jenkins 
H:\_PSP\PSP\VIDEO\S09E07 - The Two Mrs Nahasapeemapetilons [720p]_q26_JMPSPMC.MP4,1365449,23.976,1280,720,1.778,249284,195277,78,42secs,13:20:44.31,Fri 09/09/2022,Jenkins 
H:\_PSP\PSP\VIDEO\S09E08 - Lisa the Skeptic [720p]_q26_JMPSPMC.MP4,1364281,23.976,1280,720,1.778,275909,222961,80,44secs,13:21:31.65,Fri 09/09/2022,Jenkins 
H:\_PSP\PSP\VIDEO\S09E09 - Realty Bites [720p]_q26_JMPSPMC.MP4,1363947,23.976,1280,720,1.778,276044,222370,80,42secs,13:22:16.89,Fri 09/09/2022,Jenkins 
H:\_PSP\PSP\VIDEO\S09E10 - Miracle on Evergreen Terrace [720p]_q26_JMPSPMC.MP4,1363405,23.976,1280,720,1.778,268049,214741,80,42secs,13:23:02.92,Fri 09/09/2022,Jenkins 
H:\_PSP\PSP\VIDEO\S09E11 - All Singing All Dancing [720p]_q26_JMPSPMC.MP4,1361987,23.976,1280,720,1.778,302591,249582,82,42secs,13:23:48.23,Fri 09/09/2022,Jenkins 
H:\_PSP\PSP\VIDEO\S09E12 - Bart Carny [720p]_q26_JMPSPMC.MP4,1363280,23.976,1280,720,1.778,233054,179912,77,43secs,13:24:34.47,Fri 09/09/2022,Jenkins 
H:\_PSP\PSP\VIDEO\S09E13 - The Joy of Sect [720p]_q26_JMPSPMC.MP4,1362613,23.976,1280,720,1.778,261098,207382,79,44secs,13:25:21.68,Fri 09/09/2022,Jenkins 
H:\_PSP\PSP\VIDEO\S09E14 - Das Bus [720p]_q26_JMPSPMC.MP4,1362529,23.976,1280,720,1.778,266520,213322,80,42secs,13:26:07.09,Fri 09/09/2022,Jenkins 
H:\_PSP\PSP\VIDEO\S09E15 - The Last Temptation of Krust [720p]_q26_JMPSPMC.MP4,1363530,23.976,1280,720,1.778,256176,202732,79,41secs,13:26:51.60,Fri 09/09/2022,Jenkins 
H:\_PSP\PSP\VIDEO\S09E16 - Dumbbell Indemnity [720p]_q26_JMPSPMC.MP4,1362279,23.976,1280,720,1.778,238575,185000,77,44secs,13:27:39.01,Fri 09/09/2022,Jenkins 
H:\_PSP\PSP\VIDEO\S09E17 - Lisa the Simpson [720p]_q26_JMPSPMC.MP4,1362946,23.976,1280,720,1.778,263578,210200,79,42secs,13:28:24.35,Fri 09/09/2022,Jenkins 
H:\_PSP\PSP\VIDEO\S09E18 - This Little Wiggy [720p]_q26_JMPSPMC.MP4,1362780,23.976,1280,720,1.778,276029,222912,80,42secs,13:29:09.65,Fri 09/09/2022,Jenkins 
H:\_PSP\PSP\VIDEO\S09E19 - Simpson Tide [720p]_q26_JMPSPMC.MP4,1364698,23.976,1280,720,1.778,273405,220156,80,43secs,13:29:55.81,Fri 09/09/2022,Jenkins 
H:\_PSP\PSP\VIDEO\S09E20 - The Trouble With Trillions [720p]_q26_JMPSPMC.MP4,1363947,23.976,1280,720,1.778,254296,201082,79,43secs,13:30:42.46,Fri 09/09/2022,Jenkins 
H:\_PSP\PSP\VIDEO\S09E21 - Girly Edition [720p]_q26_JMPSPMC.MP4,1363447,23.976,1280,720,1.778,244838,191495,78,42secs,13:31:27.82,Fri 09/09/2022,Jenkins 
H:\_PSP\PSP\VIDEO\S09E22 - Trash of the Titans [720p]_q26_JMPSPMC.MP4,1362905,23.976,1280,720,1.778,286544,232879,81,43secs,13:32:14.94,Fri 09/09/2022,Jenkins 
H:\_PSP\PSP\VIDEO\S09E23 - King of the Hill [720p]_q26_JMPSPMC.MP4,1364156,23.976,1280,720,1.778,254226,200817,78,43secs,13:33:01.31,Fri 09/09/2022,Jenkins 
H:\_PSP\PSP\VIDEO\S09E24 - Lost Our Lisa [720p]_q26_JMPSPMC.MP4,1364031,23.976,1280,720,1.778,278170,225356,81,44secs,13:33:48.79,Fri 09/09/2022,Jenkins 
H:\_PSP\PSP\VIDEO\S09E25 - Natural Born Kissers [720p]_q26_JMPSPMC.MP4,1364782,23.976,1280,720,1.778,246618,193076,78,42secs,13:34:34.34,Fri 09/09/2022,Jenkins 
H:\_PSP\PSP\VIDEO\S02E01 - Bullocks to Stan_q28_JMPSPMC.MP4,1314815,23.976,720,540,1.333,63179,10055,15,38secs, 9:13:40.24,Sun 11/09/2022,Jenkins 
H:\_PSP\PSP\VIDEO\S02E02 - A Smith in the Hand_q28_JMPSPMC.MP4,1315292,24.000,720,540,1.333,66125,14306,21,39secs, 9:14:22.96,Sun 11/09/2022,Jenkins 
H:\_PSP\PSP\VIDEO\S02E03 - All About Steve_q28_JMPSPMC.MP4,1315000,24.000,720,540,1.333,73870,20911,28,39secs, 9:15:05.86,Sun 11/09/2022,Jenkins 
H:\_PSP\PSP\VIDEO\S02E04 - Con Heir_q28_JMPSPMC.MP4,1314731,23.976,720,540,1.333,61373,9589,15,40secs, 9:15:49.10,Sun 11/09/2022,Jenkins 
H:\_PSP\PSP\VIDEO\S02E05 - Stan of Arabia (Part 1)_q28_JMPSPMC.MP4,1315205,24.327,720,540,1.333,67957,15504,22,39secs, 9:16:31.32,Sun 11/09/2022,Jenkins 
H:\_PSP\PSP\VIDEO\S02E06 - Stan of Arabia (Part 2)_q28_JMPSPMC.MP4,1313552,24.130,720,540,1.333,74366,21810,29,39secs, 9:17:13.53,Sun 11/09/2022,Jenkins 
H:\_PSP\PSP\VIDEO\S02E07 - Stannie Get Your Gun_q28_JMPSPMC.MP4,1312780,29.970,716,540,1.326,69912,17903,25,41secs, 9:17:58.35,Sun 11/09/2022,Jenkins 
H:\_PSP\PSP\VIDEO\S02E08 - Star Trek_q28_JMPSPMC.MP4,1313447,29.970,716,540,1.326,63613,11414,17,41secs, 9:18:42.21,Sun 11/09/2022,Jenkins 
H:\_PSP\PSP\VIDEO\S02E09 - Not Particularly Desperate Housewives_q28_JMPSPMC.MP4,1313447,29.970,716,540,1.326,66607,14499,21,41secs, 9:19:26.92,Sun 11/09/2022,Jenkins 
H:\_PSP\PSP\VIDEO\S02E10 - Tears of a Clooney_q28_JMPSPMC.MP4,1314448,29.970,716,540,1.326,68582,16532,24,41secs, 9:20:11.10,Sun 11/09/2022,Jenkins 
H:\_PSP\PSP\VIDEO\S02E17 - Rough Trade_q31_JMPSPMC.MP4,1312746,29.970,718,480,1.329,89139,37280,41,43secs, 9:20:57.54,Sun 11/09/2022,Jenkins 
H:\_PSP\PSP\VIDEO\S02E18 - Finances With Wolves_q31_JMPSPMC.MP4,1313080,29.970,718,480,1.329,95083,43091,45,44secs, 9:21:44.78,Sun 11/09/2022,Jenkins 
H:\_PSP\PSP\VIDEO\S02E19 - It's Good to be Queen_q31_JMPSPMC.MP4,1314081,29.970,718,480,1.329,88579,36440,41,42secs, 9:22:30.55,Sun 11/09/2022,Jenkins 
H:\_PSP\PSP\VIDEO\S02E20 - Roger 'n Me_q31_JMPSPMC.MP4,1313413,29.970,716,480,1.325,90857,39231,43,43secs, 9:23:17.02,Sun 11/09/2022,Jenkins 
H:\_PSP\PSP\VIDEO\S02E21 - Helping Handis_q31_JMPSPMC.MP4,1312079,29.970,716,480,1.325,92035,40374,43,43secs, 9:24:03.40,Sun 11/09/2022,Jenkins 
H:\_PSP\PSP\VIDEO\S02E22 - With Friends Like Steve's_q31_JMPSPMC.MP4,1312746,29.970,716,480,1.325,95365,43517,45,44secs, 9:24:51.49,Sun 11/09/2022,Jenkins 
H:\_PSP\PSP\VIDEO\S03E01 - Camp Refoogee_q28_JMPSPMC.MP4,1313413,29.970,716,480,1.325,105236,53512,50,43secs, 9:35:49.28,Sun 11/09/2022,Jenkins 
H:\_PSP\PSP\VIDEO\S03E02 - The American Dad After School Special_q28_JMPSPMC.MP4,1312079,29.970,716,480,1.325,96370,44293,45,43secs, 9:36:35.85,Sun 11/09/2022,Jenkins 
H:\_PSP\PSP\VIDEO\S03E03 - Failure is Not a Factory-installed Option_q28_JMPSPMC.MP4,1313080,29.970,716,480,1.325,90475,37502,41,43secs, 9:37:22.26,Sun 11/09/2022,Jenkins 
H:\_PSP\PSP\VIDEO\S03E04 - Lincoln Lover_q28_JMPSPMC.MP4,1314414,29.970,716,480,1.325,101596,49482,48,43secs, 9:38:08.84,Sun 11/09/2022,Jenkins 
H:\_PSP\PSP\VIDEO\S03E05 - Dungeons and Wagons_q28_JMPSPMC.MP4,1313413,29.970,716,480,1.325,101485,49654,48,42secs, 9:38:54.46,Sun 11/09/2022,Jenkins 
H:\_PSP\PSP\VIDEO\S03E06 - Iced, Iced Babies_q28_JMPSPMC.MP4,1313413,29.970,716,480,1.325,98998,46792,47,43secs, 9:39:41.27,Sun 11/09/2022,Jenkins 
H:\_PSP\PSP\VIDEO\S03E07 - Of Ice and Men_q28_JMPSPMC.MP4,1313380,29.970,716,480,1.325,103445,50902,49,42secs, 9:40:27.36,Sun 11/09/2022,Jenkins 
H:\_PSP\PSP\VIDEO\S03E08 - Irregarding Steve_q28_JMPSPMC.MP4,1313080,29.970,716,480,1.325,97340,45107,46,42secs, 9:41:13.35,Sun 11/09/2022,Jenkins 
H:\_PSP\PSP\VIDEO\S03E09 - The Best Christmas Story Never Told_q28_JMPSPMC.MP4,1313413,29.970,716,480,1.325,102970,51124,49,42secs, 9:41:58.91,Sun 11/09/2022,Jenkins 
H:\_PSP\PSP\VIDEO\S03E10 - Bush Comes to Dinner_q28_JMPSPMC.MP4,1259600,25.000,720,576,1.250,126554,75786,59,42secs, 9:42:44.03,Sun 11/09/2022,Jenkins 
H:\_PSP\PSP\VIDEO\S03E11 - American Dream Factory_q28_JMPSPMC.MP4,1258000,25.000,720,576,1.333,105773,53925,50,38secs, 9:43:25.56,Sun 11/09/2022,Jenkins 
H:\_PSP\PSP\VIDEO\S03E12 - A.T. The Abusive Terrestrial_q28_JMPSPMC.MP4,1260840,25.000,720,576,1.333,95570,45824,47,39secs, 9:44:08.31,Sun 11/09/2022,Jenkins 
H:\_PSP\PSP\VIDEO\S03E13 - Black Mystery Month_q28_JMPSPMC.MP4,1261200,25.000,720,576,1.333,95771,46325,48,38secs, 9:44:50.36,Sun 11/09/2022,Jenkins 
H:\_PSP\PSP\VIDEO\S03E14 - An Apocalypse to Remember_q28_JMPSPMC.MP4,1261200,25.000,720,576,1.333,99455,48795,49,39secs, 9:45:33.09,Sun 11/09/2022,Jenkins 
H:\_PSP\PSP\VIDEO\S03E15 - Four Little Words_q28_JMPSPMC.MP4,1260840,25.000,720,576,1.333,96224,46621,48,38secs, 9:46:14.70,Sun 11/09/2022,Jenkins 
H:\_PSP\PSP\VIDEO\S03E16 - When a Stan Loves a Woman_q28_JMPSPMC.MP4,1300640,25.000,720,576,1.333,98510,48015,48,39secs, 9:46:56.95,Sun 11/09/2022,Jenkins 
H:\_PSP\PSP\VIDEO\S03E17 - I Can't Stan You_q28_JMPSPMC.MP4,1260640,25.000,720,576,1.333,95627,46207,48,39secs, 9:47:39.60,Sun 11/09/2022,Jenkins 
H:\_PSP\PSP\VIDEO\S03E18 - The Magnificent Steven_q28_JMPSPMC.MP4,1260640,25.000,720,576,1.333,109511,60436,55,38secs, 9:48:21.11,Sun 11/09/2022,Jenkins 
H:\_PSP\PSP\VIDEO\S03E19 - Joint Custody_q28_JMPSPMC.MP4,1260640,25.000,720,576,1.333,93778,44349,47,39secs, 9:49:03.29,Sun 11/09/2022,Jenkins 
